,leiden
MGH1518-3A2:AAATGCCTCTTCATGTx-B3,2
MGH1518-3A2:AAAGCAAAGAGCTTCTx-B3,0
MGH1518-3A2:AAAGTAGTCTCGTTTAx-B3,0
MGH1518-3A2:AAAGATGAGACTAGATx-B3,2
MGH1518-3A2:AAAGCAATCGATAGAAx-B3,0
MGH1518-3A2:AACCATGTCTACTATCx-B3,3
MGH1518-3A2:AAAGCAAAGTGGTAATx-B3,0
MGH1518-3A2:AACACGTAGTAGATGTx-B3,0
MGH1518-3A2:AAAGTAGTCTAACTCTx-B3,2
MGH1518-3A2:AAACCTGGTAATTGGAx-B3,1
MGH1518-3A2:AAAGCAATCCTTAATCx-B3,2
MGH1518-3A2:AACTCTTGTATGCTTGx-B3,2
MGH1518-3A2:AACTCTTTCAAGAAGTx-B3,2
MGH1518-3A2:AACGTTGAGACATAACx-B3,3
MGH1518-3A2:AACTTTCTCACTTATCx-B3,0
MGH1518-3A2:AACTCTTCATTATCTCx-B3,3
MGH1518-3A2:AACTGGTGTTTGTTTCx-B3,2
MGH1518-3A2:AACTTTCTCCATGAGTx-B3,0
MGH1518-3A2:AACTTTCAGCTATGCTx-B3,2
MGH1518-3A2:AACGTTGCAGTAAGATx-B3,0
MGH1518-3A2:AACTCTTCACCCTATCx-B3,4
MGH1518-3A2:AAGTCTGAGATCGATAx-B3,3
MGH1518-3A2:ACACCAAAGACAAAGGx-B3,0
MGH1518-3A2:AAGTCTGTCTTTAGGGx-B3,0
MGH1518-3A2:ACACTGATCATGTCTTx-B3,0
MGH1518-3A2:ACATCAGGTACAAGTAx-B3,3
MGH1518-3A2:ACATCAGTCATTTGGGx-B3,1
MGH1518-3A2:ACCAGTAGTAAGAGAGx-B3,0
MGH1518-3A2:ACCGTAAAGAGAACAGx-B3,0
MGH1518-3A2:ACAGCTATCTACCAGAx-B3,3
MGH1518-3A2:ACATCAGTCTCTTGATx-B3,0
MGH1518-3A2:ACCAGTAAGAATGTGTx-B3,2
MGH1518-3A2:ACATACGAGTTACGGGx-B3,3
MGH1518-3A2:ACATCAGCACAACGCCx-B3,2
MGH1518-3A2:ACAGCTAAGAGTAAGGx-B3,0
MGH1518-3A2:ACATACGCATCCTAGAx-B3,2
MGH1518-3A2:ACCAGTAGTAAATGTGx-B3,3
MGH1518-3A2:ACATGGTCATTTGCTTx-B3,3
MGH1518-3A2:ACCAGTACAGTATGCTx-B3,2
MGH1518-3A2:ACATACGTCCTAGTGAx-B3,2
MGH1518-3A2:ACAGCTAAGACTTGAAx-B3,2
MGH1518-3A2:ACATCAGGTCAACATCx-B3,1
MGH1518-3A2:ACATCAGCAGACTCGCx-B3,2
MGH1518-3A2:ACACTGACAATAAGCAx-B3,2
MGH1518-3A2:ACGATACTCTTCCTTCx-B3,3
MGH1518-3A2:ACGATACCAAATACAGx-B3,0
MGH1518-3A2:ACGATACTCTGTCTATx-B3,0
MGH1518-3A2:ACCGTAATCTCTTATGx-B3,0
MGH1518-3A2:ACCTTTAAGACAGAGAx-B3,2
MGH1518-3A2:ACGATGTTCCTAGAACx-B3,3
MGH1518-3A2:ACCTTTAAGCAAATCAx-B3,2
MGH1518-3A2:ACGATACCATAGTAAGx-B3,0
MGH1518-3A2:ACCTTTACACCAGATTx-B3,2
MGH1518-3A2:ACCTTTATCAGCAACTx-B3,0
MGH1518-3A2:ACGATACAGGAATTACx-B3,0
MGH1518-3A2:ACGATACAGGTTACCTx-B3,3
MGH1518-3A2:ACCGTAATCGTTACAGx-B3,0
MGH1518-3A2:ACTGAGTCAGTAAGATx-B3,2
MGH1518-3A2:ACTATCTTCTTGCAAGx-B3,2
MGH1518-3A2:ACTATCTCATCAGTACx-B3,0
MGH1518-3A2:ACTGAGTAGAATAGGGx-B3,2
MGH1518-3A2:ACTATCTGTCAAAGATx-B3,0
MGH1518-3A2:ACTGAACTCTTCAACTx-B3,0
MGH1518-3A2:ACTGAGTTCTTCATGTx-B3,3
MGH1518-3A2:ACTGCTCTCTTATCTGx-B3,2
MGH1518-3A2:ACTGATGTCAGAAATGx-B3,3
MGH1518-3A2:ACTGATGAGTATGACAx-B3,0
MGH1518-3A2:ACTGTCCAGTTTAGGAx-B3,0
MGH1518-3A2:ACTGATGTCCAGAGGAx-B3,3
MGH1518-3A2:ACTGAACCAAGTAATGx-B3,0
MGH1518-3A2:ACTATCTTCTAACTCTx-B3,3
MGH1518-3A2:ACTGATGGTACGAAATx-B3,2
MGH1518-3A2:ACTGAGTCATTCTTACx-B3,0
MGH1518-3A2:ACTGAGTAGCTAACAAx-B3,0
MGH1518-3A2:ACTATCTAGTCAAGCGx-B3,0
MGH1518-3A2:ACTTGTTAGTAGGTGCx-B3,3
MGH1518-3A2:AGAATAGAGTTAACGAx-B3,0
MGH1518-3A2:ACTTGTTTCTGGTATGx-B3,0
MGH1518-3A2:AGAATAGTCCTAGAACx-B3,0
MGH1518-3A2:AGAATAGCATCGGTTAx-B3,0
MGH1518-3A2:ACTTACTAGGATGGAAx-B3,3
MGH1518-3A2:AGAATAGCATTGGTACx-B3,3
MGH1518-3A2:ACTTACTTCAGGATCTx-B3,0
MGH1518-3A2:ACTTACTGTAAGTGTAx-B3,0
MGH1518-3A2:ACTTGTTTCCTTCAATx-B3,3
MGH1518-3A2:AGAGCTTGTTTAGGAAx-B3,2
MGH1518-3A2:ACTTTCATCAGTACGTx-B3,3
MGH1518-3A2:ACTTTCACACATTTCTx-B3,2
MGH1518-3A2:ACTTACTTCCACTGGGx-B3,2
MGH1518-3A2:AGAGTGGAGACTAGATx-B3,0
MGH1518-3A2:ACTTGTTAGGTGATATx-B3,3
MGH1518-3A2:AGAATAGAGGGAGTAAx-B3,0
MGH1518-3A2:AGAATAGGTGTTCGATx-B3,0
MGH1518-3A2:ACTTTCATCTCCTATAx-B3,0
MGH1518-3A2:AGCATACTCAGTGTTGx-B3,2
MGH1518-3A2:AGCATACCAGCATACTx-B3,0
MGH1518-3A2:AGATCTGAGAGATGAGx-B3,0
MGH1518-3A2:AGCGTATAGGCAATTAx-B3,2
MGH1518-3A2:AGATCTGAGACAAAGGx-B3,0
MGH1518-3A2:AGCTCCTTCTCTGAGAx-B3,1
MGH1518-3A2:AGGTCATAGACTACAAx-B3,0
MGH1518-3A2:AGCTTGAGTGAAATCAx-B3,0
MGH1518-3A2:AGGTCATAGGACATTAx-B3,2
MGH1518-3A2:AGGGAGTAGTGTTGAAx-B3,2
MGH1518-3A2:AGTAGTCAGACTAGATx-B3,2
MGH1518-3A2:AGTCTTTAGATACACAx-B3,0
MGH1518-3A2:ATCACGAGTAATAGCAx-B3,3
MGH1518-3A2:ATCATCTCACAGAGGTx-B3,3
MGH1518-3A2:ATAAGAGCAAGTCTACx-B3,2
MGH1518-3A2:ATCATCTCAATAGCAAx-B3,0
MGH1518-3A2:AGTCTTTGTCCAAGTTx-B3,2
MGH1518-3A2:AGTGGGAAGAAGGTTTx-B3,2
MGH1518-3A2:ATCATCTAGCCAGTTTx-B3,3
MGH1518-3A2:ATAAGAGTCAAGGTAAx-B3,2
MGH1518-3A2:ATAGACCCAAGTAATGx-B3,0
MGH1518-3A2:ATCATCTTCCAGTATGx-B3,2
MGH1518-3A2:ATCATCTAGCAGGTCAx-B3,2
MGH1518-3A2:AGTCTTTGTATGGTTCx-B3,0
MGH1518-3A2:ATCATCTCAATGTAAGx-B3,3
MGH1518-3A2:ATCATCTCATTCTTACx-B3,3
MGH1518-3A2:ATCACGACAATGAAACx-B3,3
MGH1518-3A2:ATCATCTGTTGTACACx-B3,2
MGH1518-3A2:AGTGTCAAGACCGGATx-B3,0
MGH1518-3A2:ATCACGACATGAAGTAx-B3,0
MGH1518-3A2:AGTCTTTCAATGAATGx-B3,3
MGH1518-3A2:ATCATCTGTCTTGATGx-B3,1
MGH1518-3A2:ATAGACCTCCTCAATTx-B3,2
MGH1518-3A2:ATCTACTCATTAGGCTx-B3,0
MGH1518-3A2:ATCCGAACAATCTACGx-B3,0
MGH1518-3A2:ATGCGATCATACTCTTx-B3,0
MGH1518-3A2:ATCATGGTCGTAGATCx-B3,3
MGH1518-3A2:ATCTACTTCTCGTATTx-B3,2
MGH1518-3A2:ATCTACTAGTCGATAAx-B3,3
MGH1518-3A2:ATCCGAATCAAAGACAx-B3,3
MGH1518-3A2:ATCATCTTCGAGAACGx-B3,3
MGH1518-3A2:ATGCGATAGATACACAx-B3,3
MGH1518-3A2:ATCCGAAAGACAATACx-B3,3
MGH1518-3A2:ATCTACTAGCAGGCTAx-B3,0
MGH1518-3A2:ATCATGGTCTTTAGGGx-B3,0
MGH1518-3A2:ATTCTACCAGCCTATAx-B3,0
MGH1518-3A2:ATTATCCTCACTCTTAx-B3,3
MGH1518-3A2:ATTTCTGCACTATCTTx-B3,0
MGH1518-3A2:ATTATCCTCTTGTATCx-B3,3
MGH1518-3A2:ATTATCCCACCAGATTx-B3,2
MGH1518-3A2:ATTATCCAGAATCTCCx-B3,3
MGH1518-3A2:ATTATCCGTATTCTCTx-B3,0
MGH1518-3A2:ATTTCTGAGACTAAGTx-B3,2
MGH1518-3A2:ATTTCTGTCTCTGAGAx-B3,0
MGH1518-3A2:ATTTCTGCATACTCTTx-B3,3
MGH1518-3A2:ATTTCTGTCACTCTTAx-B3,0
MGH1518-3A2:ATTATCCTCTATCCCGx-B3,0
MGH1518-3A2:ATTCTACAGTGGGATCx-B3,0
MGH1518-3A2:ATTATCCGTACATCCAx-B3,0
MGH1518-3A2:ATTATCCGTTAGATGAx-B3,2
MGH1518-3A2:ATTACTCAGTACATGAx-B3,0
MGH1518-3A2:ATTACTCAGATAGTCAx-B3,3
MGH1518-3A2:ATTCTACAGGTGCTTTx-B3,0
MGH1518-3A2:ATTACTCTCAAACAAGx-B3,3
MGH1518-3A2:CACAAACTCTGTCTATx-B3,3
MGH1518-3A2:CACAAACGTACTCAACx-B3,2
MGH1518-3A2:CAACTAGTCCTACAGAx-B3,3
MGH1518-3A2:CAAGATCCATTTCACTx-B3,3
MGH1518-3A2:CAACTAGTCATCGGATx-B3,2
MGH1518-3A2:CACAAACCAAATACAGx-B3,0
MGH1518-3A2:CAACCAAGTAGCTAAAx-B3,2
MGH1518-3A2:CAAGGCCTCACAGTACx-B3,2
MGH1518-3A2:CACACAAGTACAAGTAx-B3,0
MGH1518-3A2:CAAGATCTCTAACTGGx-B3,0
MGH1518-3A2:CAACTAGGTTAGAACAx-B3,2
MGH1518-3A2:CAAGTTGAGGTAAACTx-B3,3
MGH1518-3A2:CAACTAGCACTAGTACx-B3,3
MGH1518-3A2:CACAAACTCATAAAGGx-B3,0
MGH1518-3A2:CAAGTTGGTAATTGGAx-B3,2
MGH1518-3A2:CAAGATCTCTGATTCTx-B3,0
MGH1518-3A2:CAAGATCCATAGAAACx-B3,2
MGH1518-3A2:CAACCAAGTAAACACAx-B3,2
MGH1518-3A2:CACACCTGTGACCAAGx-B3,2
MGH1518-3A2:CACATTTGTTTAGCTGx-B3,3
MGH1518-3A2:CACACAATCAGAAATGx-B3,3
MGH1518-3A2:CACACAAGTATAGGTAx-B3,3
MGH1518-3A2:CACAGTAGTATATCCGx-B3,0
MGH1518-3A2:CACATTTGTGTAATGAx-B3,2
MGH1518-3A2:CACATAGTCCAATGGTx-B3,2
MGH1518-3A2:CACCAGGGTTTAGCTGx-B3,2
MGH1518-3A2:CACATTTCAAATCCGTx-B3,0
MGH1518-3A2:CAGATCACAATGGATAx-B3,2
MGH1518-3A2:CAGAGAGGTATATGAGx-B3,3
MGH1518-3A2:CAGCATAGTATCAGTCx-B3,2
MGH1518-3A2:CAGCATAGTACTTCTTx-B3,0
MGH1518-3A2:CAGAGAGAGTGAAGTTx-B3,3
MGH1518-3A2:CAGCTAATCTTCCTTCx-B3,0
MGH1518-3A2:CACTCCAAGTACATGAx-B3,2
MGH1518-3A2:CAGAATCAGAACAATCx-B3,0
MGH1518-3A2:CAGATCACAATAGAGTx-B3,0
MGH1518-3A2:CAGCATAAGGATATACx-B3,0
MGH1518-3A2:CATATTCGTCTAGAGGx-B3,0
MGH1518-3A2:CATATTCTCCTCTAGCx-B3,2
MGH1518-3A2:CATCAAGTCAAGGTAAx-B3,2
MGH1518-3A2:CAGTCCTAGAACAATCx-B3,3
MGH1518-3A2:CATCGAACATGGAATAx-B3,2
MGH1518-3A2:CAGTCCTTCTGTTTGTx-B3,3
MGH1518-3A2:CAGTAACCAAGTAATGx-B3,3
MGH1518-3A2:CATATTCCAAACTGTCx-B3,2
MGH1518-3A2:CATCGAAAGTAGATGTx-B3,2
MGH1518-3A2:CATTATCGTGATAAACx-B3,3
MGH1518-3A2:CCACCTAGTATATGGAx-B3,3
MGH1518-3A2:CCAATCCTCTTGTCATx-B3,0
MGH1518-3A2:CATTATCTCTATCCCGx-B3,3
MGH1518-3A2:CATGACAGTAAGTAGTx-B3,0
MGH1518-3A2:CCACCTAGTTATTCTCx-B3,2
MGH1518-3A2:CCAATCCTCCCTAATTx-B3,2
MGH1518-3A2:CATTATCTCAAGAAGTx-B3,0
MGH1518-3A2:CCGTACTTCCTATGTTx-B3,2
MGH1518-3A2:CCGTACTCATAGAAACx-B3,0
MGH1518-3A2:CCTATTAAGCTGTCTAx-B3,2
MGH1518-3A2:CCTAAAGGTCTAGTGTx-B3,3
MGH1518-3A2:CCTCTGATCAAAGTAGx-B3,0
MGH1518-3A2:CCTAAAGGTATATGAGx-B3,3
MGH1518-3A2:CCTACACAGTTAACGAx-B3,3
MGH1518-3A2:CCTAAAGGTCCCTACTx-B3,0
MGH1518-3A2:CCTATTATCTACCAGAx-B3,0
MGH1518-3A2:CCTACACGTGCTCTTCx-B3,3
MGH1518-3A2:CCTACACGTAAATGACx-B3,0
MGH1518-3A2:CCTAAAGTCTGATTCTx-B3,3
MGH1518-3A2:CCTAAAGGTGATGTCTx-B3,2
MGH1518-3A2:CCTAAAGGTTCTGTTTx-B3,1
MGH1518-3A2:CCGTTCATCCTTAATCx-B3,2
MGH1518-3A2:CCTATTATCTCTTGATx-B3,3
MGH1518-3A2:CCTAGCTTCTATCCTAx-B3,3
MGH1518-3A2:CCTACACAGAGCTATAx-B3,2
MGH1518-3A2:CGAACATAGACATAACx-B3,3
MGH1518-3A2:CCTTTCTTCAGCTCTCx-B3,2
MGH1518-3A2:CGAATGTAGACATAACx-B3,3
MGH1518-3A2:CGAATGTTCTCTTATGx-B3,3
MGH1518-3A2:CGAATGTTCACTATTCx-B3,0
MGH1518-3A2:CCTTACGCAGACACTTx-B3,2
MGH1518-3A2:CCTTTCTGTTAAGATGx-B3,0
MGH1518-3A2:CCTTCCCCAATGACCTx-B3,2
MGH1518-3A2:CGAACATTCATGTCTTx-B3,2
MGH1518-3A2:CGCTATCTCCTTAATCx-B3,2
MGH1518-3A2:CGCTTCACAGCCAATTx-B3,1
MGH1518-3A2:CGCGTTTAGGAGTTGCx-B3,2
MGH1518-3A2:CGCTGGATCCTCTAGCx-B3,1
MGH1518-3A2:CGCTTCAGTAGATTAGx-B3,2
MGH1518-3A2:CGGTTAAAGGAATGGAx-B3,3
MGH1518-3A2:CGCTTCATCATAAAGGx-B3,0
MGH1518-3A2:CGGTTAATCACTTACTx-B3,2
MGH1518-3A2:CGGTTAACAAGTTAAGx-B3,0
MGH1518-3A2:CGTTCTGGTTAAGACAx-B3,2
MGH1518-3A2:CGTCTACAGGTGCTTTx-B3,1
MGH1518-3A2:CTAAGACTCATCATTCx-B3,3
MGH1518-3A2:CTAACTTCAATGAATGx-B3,3
MGH1518-3A2:CTAATGGTCTTACCTAx-B3,3
MGH1518-3A2:CTACATTCATAGAAACx-B3,0
MGH1518-3A2:CTAGAGTTCCTATGTTx-B3,0
MGH1518-3A2:CTAATGGGTTATCACGx-B3,0
MGH1518-3A2:CTAACTTTCCTATGTTx-B3,3
MGH1518-3A2:CTACACCGTCAGAATAx-B3,3
MGH1518-3A2:CTAACTTAGCAATATGx-B3,0
MGH1518-3A2:CTACATTAGGTGTTAAx-B3,3
MGH1518-3A2:CTAAGACTCTTGTCATx-B3,0
MGH1518-3A2:CTACATTTCAGCTCTCx-B3,0
MGH1518-3A2:CTAGAGTAGTATCGAAx-B3,0
MGH1518-3A2:CTAGAGTGTAAATGACx-B3,3
MGH1518-3A2:CTACATTAGTTTAGGAx-B3,3
MGH1518-3A2:CTACGTCAGTTTCCTTx-B3,0
MGH1518-3A2:CTAATGGAGTAATCCCx-B3,2
MGH1518-3A2:CTAAGACAGAAGGACAx-B3,0
MGH1518-3A2:CTACATTCAATAACGAx-B3,0
MGH1518-3A2:CTACATTAGGATGGAAx-B3,2
MGH1518-3A2:CTAACTTCAATCGAAAx-B3,0
MGH1518-3A2:CTACATTGTTTACTCTx-B3,3
MGH1518-3A2:CTCCTAGTCAATAAGGx-B3,3
MGH1518-3A2:CTCCTAGTCACTATTCx-B3,2
MGH1518-3A2:CTAGTGAGTTTGTTTCx-B3,2
MGH1518-3A2:CTAGTGAAGACTGTAAx-B3,2
MGH1518-3A2:CTAGTGAGTTACGTCAx-B3,0
MGH1518-3A2:CTCCTAGAGATCGATAx-B3,3
MGH1518-3A2:CTCAGAAGTCATACTGx-B3,2
MGH1518-3A2:CTCATTATCAGTTAGCx-B3,3
MGH1518-3A2:CTCAGAAGTAGGGACTx-B3,0
MGH1518-3A2:CTAGCCTGTCTCTTTAx-B3,0
MGH1518-3A2:CTCATTAGTTTACTCTx-B3,2
MGH1518-3A2:CTCAGAAAGTGAATTGx-B3,0
MGH1518-3A2:CTCGAAAGTAAATGACx-B3,3
MGH1518-3A2:CTCATTAGTTAAGACAx-B3,2
MGH1518-3A2:CTAGTGAGTCTCTTATx-B3,3
MGH1518-3A2:CTAGCCTCAGATAATGx-B3,0
MGH1518-3A2:CTCATTAGTTGTACACx-B3,3
MGH1518-3A2:CTCATTAGTATAAACGx-B3,2
MGH1518-3A2:CTCTACGAGTTAAGTGx-B3,2
MGH1518-3A2:CTGAAACGTATGAAACx-B3,3
MGH1518-3A2:CTCGTCACATAAAGGTx-B3,3
MGH1518-3A2:CTGAAGTTCCAATGGTx-B3,3
MGH1518-3A2:CTGAAGTTCTTCATGTx-B3,0
MGH1518-3A2:CTCGTACGTCATGCCGx-B3,3
MGH1518-3A2:CTGAAACTCTAACTTCx-B3,2
MGH1518-3A2:CTCTACGGTAATAGCAx-B3,3
MGH1518-3A2:CTGAAACAGAAGAAGCx-B3,2
MGH1518-3A2:CTGAAGTCACATCTTTx-B3,2
MGH1518-3A2:CTGATAGAGTGAACATx-B3,3
MGH1518-3A2:CTCTACGGTAAACACAx-B3,0
MGH1518-3A2:CTCTAATAGACATAACx-B3,2
MGH1518-3A2:CTGATAGAGACTAGATx-B3,2
MGH1518-3A2:CTCTGGTCAGTCGATTx-B3,0
MGH1518-3A2:CTCTAATCATGGTCATx-B3,2
MGH1518-3A2:CTCTAATAGATGGGTCx-B3,2
MGH1518-3A2:CTCTACGTCTAACTGGx-B3,0
MGH1518-3A2:CTTAACTCAATAACGAx-B3,0
MGH1518-3A2:CTGTTTAGTATTCTCTx-B3,3
MGH1518-3A2:CTGTTTATCTACCTGCx-B3,0
MGH1518-3A2:CTTAACTCACAACGTTx-B3,3
MGH1518-3A2:CTTAACTAGGCTACGAx-B3,2
MGH1518-3A2:CTTAACTAGCTTTGGTx-B3,1
MGH1518-3A2:CTGCCTAGTTATTCTCx-B3,0
MGH1518-3A2:CTGGTCTTCAGAAATGx-B3,2
MGH1518-3A2:CTGTTTAGTACAGTTCx-B3,0
MGH1518-3A2:CTGGTCTCAGATAATGx-B3,3
MGH1518-3A2:CTTAACTGTATTCGTGx-B3,0
MGH1518-3A2:CTTAACTTCATGTGGTx-B3,1
MGH1518-3A2:GAAATGACATCTACGAx-B3,2
MGH1518-3A2:CTTAGGAGTGACTACTx-B3,0
MGH1518-3A2:GAACATCCAATAGAGTx-B3,0
MGH1518-3A2:CTTAGGAAGATATGGTx-B3,2
MGH1518-3A2:GAAATGACATAGAAACx-B3,2
MGH1518-3A2:CTTCTCTCACCAGATTx-B3,2
MGH1518-3A2:GAAACTCTCTCTGAGAx-B3,3
MGH1518-3A2:CTTCTCTTCCTTCAATx-B3,2
MGH1518-3A2:GAACCTATCAACACTGx-B3,2
MGH1518-3A2:CTTAGGACAATAAGCAx-B3,2
MGH1518-3A2:CTTCTCTAGTGTCTCAx-B3,3
MGH1518-3A2:CTTAGGACACATTTCTx-B3,0
MGH1518-3A2:GAACCTATCTCGTTTAx-B3,0
MGH1518-3A2:CTTAGGAAGAGTAAGGx-B3,2
MGH1518-3A2:CTTCTCTTCCAGTATGx-B3,0
MGH1518-3A2:GAAATGAGTACTTCTTx-B3,0
MGH1518-3A2:CTTCTCTGTATTACCGx-B3,0
MGH1518-3A2:CTTAGGAAGATCTGAAx-B3,3
MGH1518-3A2:GAAATGAAGAAGGTGAx-B3,0
MGH1518-3A2:GAAATGAGTCATATGCx-B3,2
MGH1518-3A2:GAATAAGCAATCAGAAx-B3,2
MGH1518-3A2:GACCAATGTGAAATCAx-B3,2
MGH1518-3A2:GACCAATAGTGTTAGAx-B3,2
MGH1518-3A2:GAATAAGTCTCATTCAx-B3,2
MGH1518-3A2:GAATAAGCATTCGACAx-B3,0
MGH1518-3A2:GAACCTATCTTGTCATx-B3,0
MGH1518-3A2:GAATAAGAGATGTAACx-B3,3
MGH1518-3A2:GAATAAGAGATCGATAx-B3,3
MGH1518-3A2:GACCAATGTAAAGTCAx-B3,3
MGH1518-3A2:GAATAAGAGTACGTAAx-B3,2
MGH1518-3A2:GAATAAGGTTGATTGCx-B3,3
MGH1518-3A2:GACCAATTCTTAACCTx-B3,3
MGH1518-3A2:GACTAACGTTGGTAAAx-B3,2
MGH1518-3A2:GACGTTAAGAATTCCCx-B3,0
MGH1518-3A2:GACTAACCATTATCTCx-B3,0
MGH1518-3A2:GACTACATCAATCACGx-B3,0
MGH1518-3A2:GACTACAGTATGGTTCx-B3,2
MGH1518-3A2:GATCAGTAGATATGCAx-B3,0
MGH1518-3A2:GACTACATCTCGTATTx-B3,2
MGH1518-3A2:GATTCAGTCCTCAATTx-B3,3
MGH1518-3A2:GATCTAGAGAAGGTGAx-B3,0
MGH1518-3A2:GATGAAATCCAAATGCx-B3,2
MGH1518-3A2:GATGAAATCAGTTAGCx-B3,2
MGH1518-3A2:GATGAAATCACAGTACx-B3,2
MGH1518-3A2:GCAAACTAGAATGTGTx-B3,0
MGH1518-3A2:GATCGTATCAGAAATGx-B3,0
MGH1518-3A2:GATCGTAAGTTTCCTTx-B3,2
MGH1518-3A2:GATGAAATCATCTGTTx-B3,3
MGH1518-3A2:GATCGATGTAAATACGx-B3,0
MGH1518-3A2:GATGAAAGTTGTACACx-B3,3
MGH1518-3A2:GCACATAGTCTTTCATx-B3,3
MGH1518-3A2:GCATGATTCTTTAGGGx-B3,2
MGH1518-3A2:GCATACAGTTATCGGTx-B3,3
MGH1518-3A2:GCATACATCTCAAGTGx-B3,0
MGH1518-3A2:GCACATAAGGATGTATx-B3,2
MGH1518-3A2:GCCAAATAGATGTTAGx-B3,0
MGH1518-3A2:GCCTCTAAGAGTAAGGx-B3,2
MGH1518-3A2:GCATGTAGTAGTGAATx-B3,0
MGH1518-3A2:GCCAAATTCATCATTCx-B3,0
MGH1518-3A2:GGAACTTCAATGTAAGx-B3,1
MGH1518-3A2:GCTTGAAGTTACAGAAx-B3,0
MGH1518-3A2:GCTTGAAGTATATGAGx-B3,2
MGH1518-3A2:GGAATAACAGATCCATx-B3,0
MGH1518-3A2:GGACAGAGTAAGTGTAx-B3,3
MGH1518-3A2:GGAATAACATTACGACx-B3,2
MGH1518-3A2:GGACAGAAGATGTAACx-B3,3
MGH1518-3A2:GGACATTAGCTAAACAx-B3,3
MGH1518-3A2:GGAATAACAGATGGGTx-B3,3
MGH1518-3A2:GGATTACTCCTGTAGAx-B3,0
MGH1518-3A2:GGATTACAGAAACCATx-B3,3
MGH1518-3A2:GGATTACTCCTCATTAx-B3,0
MGH1518-3A2:GGACATTCACGTAAGGx-B3,2
MGH1518-3A2:GGCAATTGTAAATGACx-B3,3
MGH1518-3A2:GGATTACCATACTACGx-B3,3
MGH1518-3A2:GGATTACCAATCAGAAx-B3,0
MGH1518-3A2:GGAATAAAGACATAACx-B3,0
MGH1518-3A2:GGAATAAAGGAATTACx-B3,0
MGH1518-3A2:GGATTACAGACAGAGAx-B3,3
MGH1518-3A2:GGAACTTTCTATGTGGx-B3,0
MGH1518-3A2:GGGCATCAGAGGACGGx-B3,2
MGH1518-3A2:GGGATGATCAATAAGGx-B3,2
MGH1518-3A2:GGGAGATCATAGTAAGx-B3,2
MGH1518-3A2:GGGAGATCAAGTAATGx-B3,0
MGH1518-3A2:GGTGTTATCAACTCTTx-B3,0
MGH1518-3A2:GGTGTTATCTCAAACGx-B3,0
MGH1518-3A2:GGTATTGAGTTTCCTTx-B3,0
MGH1518-3A2:GTACGTACAAACAACAx-B3,2
MGH1518-3A2:GTAACTGAGTTAACGAx-B3,2
MGH1518-3A2:GGTATTGTCTAACTTCx-B3,2
MGH1518-3A2:GTAACTGTCAAAGTAGx-B3,0
MGH1518-3A2:GTACGTAAGACTTTCGx-B3,2
MGH1518-3A2:GTACGTAAGAGACTTAx-B3,3
MGH1518-3A2:GGTATTGTCATTCACTx-B3,3
MGH1518-3A2:GTACTCCGTAATTGGAx-B3,2
MGH1518-3A2:GTATCTTGTTATTCTCx-B3,2
MGH1518-3A2:GTATTCTGTCAACTGTx-B3,3
MGH1518-3A2:GTACTTTAGATACACAx-B3,3
MGH1518-3A2:GTACTTTTCCTTTCGGx-B3,0
MGH1518-3A2:GTATCTTAGTGTTGAAx-B3,3
MGH1518-3A2:GTACTTTAGATCCTGTx-B3,3
MGH1518-3A2:GTCACAAGTATGAAACx-B3,0
MGH1518-3A2:GTATTCTCACGAAATAx-B3,3
MGH1518-3A2:GTACTCCGTAGTAGTAx-B3,3
MGH1518-3A2:GTAGTCAAGTATGACAx-B3,0
MGH1518-3A2:GTACGTAGTTAAGATGx-B3,0
MGH1518-3A2:GTCACAAGTTAAGTAGx-B3,0
MGH1518-3A2:GTACGTAGTACATCCAx-B3,2
MGH1518-3A2:GTATTCTGTAGAAGGAx-B3,0
MGH1518-3A2:GTATTCTTCTCCGGTTx-B3,2
MGH1518-3A2:GTATTCTCAGGTTTCAx-B3,2
MGH1518-3A2:GTCAAGTCATAGAAACx-B3,3
MGH1518-3A2:GTATCTTAGTCGTACTx-B3,3
MGH1518-3A2:GTAGTCACATACTACGx-B3,0
MGH1518-3A2:GTATCTTGTTAAAGACx-B3,0
MGH1518-3A2:GTCATTTGTAGAAGGAx-B3,0
MGH1518-3A2:GTCATTTTCCTCCTAGx-B3,0
MGH1518-3A2:GTCGTAATCAAAGACAx-B3,3
MGH1518-3A2:GTCCTCATCAACTCTTx-B3,0
MGH1518-3A2:GTGAAGGGTTAGAACAx-B3,0
MGH1518-3A2:GTCGTAAAGAGACTATx-B3,0
MGH1518-3A2:GTCATTTTCTTCCTTCx-B3,0
MGH1518-3A2:GTCATTTCACTTAAGCx-B3,0
MGH1518-3A2:GTCATTTCACTACAGTx-B3,2
MGH1518-3A2:GTTACAGTCCTTAATCx-B3,0
MGH1518-3A2:GTTCATTGTACAAGTAx-B3,3
MGH1518-3A2:GTGTTAGTCCTTAATCx-B3,3
MGH1518-3A2:GTGTTAGAGTTAACGAx-B3,2
MGH1518-3A2:GTTAAGCAGAGACTATx-B3,0
MGH1518-3A2:GTGTTAGTCCTACAGAx-B3,3
MGH1518-3A2:GTTCATTAGTACGTTCx-B3,0
MGH1518-3A2:GTTACAGCATACTACGx-B3,0
MGH1518-3A2:GTTACAGCACATTTCTx-B3,2
MGH1518-3A2:GTGTTAGCATAGTAAGx-B3,2
MGH1518-3A2:GTTAAGCAGTGTTAGAx-B3,3
MGH1518-3A2:GTTCATTTCAAGGTAAx-B3,2
MGH1518-3A2:TAAGAGAAGTAATCCCx-B3,3
MGH1518-3A2:TACCTATGTGACTCATx-B3,0
MGH1518-3A2:TACCTTAGTTGGTAAAx-B3,2
MGH1518-3A2:TACCTATTCCGATATGx-B3,0
MGH1518-3A2:TACCTTATCAGTTCGAx-B3,0
MGH1518-3A2:TAAACCGAGAGTAATCx-B3,0
MGH1518-3A2:TAAGAGAAGCTAAACAx-B3,2
MGH1518-3A2:TACCTTACAGACACTTx-B3,3
MGH1518-3A2:GTTTCTATCCCTAATTx-B3,2
MGH1518-3A2:GTTTCTAGTCATGCCGx-B3,2
MGH1518-3A2:TACCTATGTAGCTAAAx-B3,2
MGH1518-3A2:TAAGTGCAGTTTAGGAx-B3,2
MGH1518-3A2:TACGGTAAGACTAGATx-B3,3
MGH1518-3A2:TAAGTGCAGACTGTAAx-B3,0
MGH1518-3A2:GTTTCTACAGCATACTx-B3,3
MGH1518-3A2:TACTTACTCCGAAGAGx-B3,2
MGH1518-3A2:TACTTACGTCTAGGTTx-B3,3
MGH1518-3A2:TACTTACCATTAGGCTx-B3,0
MGH1518-3A2:TAGACCATCCTAGAACx-B3,0
MGH1518-3A2:TAGTTGGAGAAACGAGx-B3,3
MGH1518-3A2:TAGAGCTGTAAGAGGAx-B3,0
MGH1518-3A2:TACTTGTAGACTGTAAx-B3,2
MGH1518-3A2:TACTTGTGTCTCTTATx-B3,2
MGH1518-3A2:TAGGCATGTGAAATCAx-B3,3
MGH1518-3A2:TACTCATTCTTTAGGGx-B3,0
MGH1518-3A2:TACTCATAGAGACGAAx-B3,2
MGH1518-3A2:TACTTACCAATCCAACx-B3,0
MGH1518-3A2:TACGGTATCCTCAATTx-B3,0
MGH1518-3A2:TAGTTGGAGGTGATATx-B3,3
MGH1518-3A2:TACTTGTAGATGTTAGx-B3,2
MGH1518-3A2:TACGGTATCAACTCTTx-B3,3
MGH1518-3A2:TAGACCAGTGTGAATAx-B3,3
MGH1518-3A2:TACTTGTCATACCATGx-B3,3
MGH1518-3A2:TACTTGTCAATGAAACx-B3,2
MGH1518-3A2:TACGGTAGTACAGTTCx-B3,3
MGH1518-3A2:TATCTCAAGATAGTCAx-B3,0
MGH1518-3A2:TCAACGAAGGATATACx-B3,2
MGH1518-3A2:TCACGAAAGATATGGTx-B3,0
MGH1518-3A2:TCACAAGTCAAACAAGx-B3,3
MGH1518-3A2:TCAATCTGTTGGTTTGx-B3,3
MGH1518-3A2:TCAATCTTCGTTACAGx-B3,3
MGH1518-3A2:TCAATCTGTATATGGAx-B3,0
MGH1518-3A2:TCAACGAGTATTACCGx-B3,0
MGH1518-3A2:TATGCCCAGATGCCTTx-B3,2
MGH1518-3A2:TATCTCAGTATATGAGx-B3,3
MGH1518-3A2:TATTACCCAATGGATAx-B3,2
MGH1518-3A2:TCACAAGTCACTTACTx-B3,0
MGH1518-3A2:TATCTCAAGCGATATAx-B3,0
MGH1518-3A2:TATTACCGTTACGGAGx-B3,0
MGH1518-3A2:TATTACCCAGACGCCTx-B3,3
MGH1518-3A2:TCAATCTCAAGGTTCTx-B3,2
MGH1518-3A2:TCAATCTGTGTATGGGx-B3,3
MGH1518-3A2:TATTACCAGGAACTGCx-B3,2
MGH1518-3A2:TATCTCATCAGCTTAGx-B3,0
MGH1518-3A2:TATCTCATCATGCATGx-B3,3
MGH1518-3A2:TATCAGGTCATCGGATx-B3,2
MGH1518-3A2:TCAATCTTCCTATGTTx-B3,2
MGH1518-3A2:TATCTCATCAGATAAGx-B3,3
MGH1518-3A2:TCAGGTAAGTCCATACx-B3,0
MGH1518-3A2:TCCCGATAGAAGATTCx-B3,3
MGH1518-3A2:TCATTACCACCAGTTAx-B3,3
MGH1518-3A2:TCATTACCAATGGTCTx-B3,2
MGH1518-3A2:TCATTTGAGACTACAAx-B3,3
MGH1518-3A2:TCAGGATGTCTAAACCx-B3,3
MGH1518-3A2:TCAGGATAGTCATCCAx-B3,2
MGH1518-3A2:TCATTACCACTTAAGCx-B3,0
MGH1518-3A2:TCAGGATTCCTTCAATx-B3,0
MGH1518-3A2:TCATTACTCATACGGTx-B3,0
MGH1518-3A2:TCATTTGGTACCGTTAx-B3,3
MGH1518-3A2:TCGGTAATCTCAAGTGx-B3,0
MGH1518-3A2:TCTCATATCACCATAGx-B3,3
MGH1518-3A2:TCTATTGTCTACCAGAx-B3,3
MGH1518-3A2:TCTATTGGTAATTGGAx-B3,3
MGH1518-3A2:TCTCATATCTACTCATx-B3,2
MGH1518-3A2:TCTCTAAAGATCCGAGx-B3,0
MGH1518-3A2:TCTCTAACATGGTAGGx-B3,2
MGH1518-3A2:TCTATTGGTTTAAGCCx-B3,0
MGH1518-3A2:TCTATTGGTTAAAGACx-B3,0
MGH1518-3A2:TCTCATAAGGCAAAGAx-B3,2
MGH1518-3A2:TCTATTGTCTATGTGGx-B3,3
MGH1518-3A2:TCTATTGGTGTCTGATx-B3,3
MGH1518-3A2:TCGTAGAAGTTTCCTTx-B3,3
MGH1518-3A2:TCTATTGGTGGGTATGx-B3,0
MGH1518-3A2:TCGTAGAGTGTGAATAx-B3,3
MGH1518-3A2:TCTATTGGTGCTTCTCx-B3,3
MGH1518-3A2:TCTCTAACATCGATGTx-B3,0
MGH1518-3A2:TCTCATATCTATCGCCx-B3,2
MGH1518-3A2:TCTCTAAAGATCCTGTx-B3,3
MGH1518-3A2:TCTCTAACATTTCACTx-B3,3
MGH1518-3A2:TCTATTGCATAGACTCx-B3,3
MGH1518-3A2:TCTATTGTCTGCTGTCx-B3,3
MGH1518-3A2:TCTATTGTCTTTCCTCx-B3,0
MGH1518-3A2:TCTCTAAGTAAGTGTAx-B3,0
MGH1518-3A2:TCTCTAAGTAGTAGTAx-B3,2
MGH1518-3A2:TCTCTAAGTATTCGTGx-B3,2
MGH1518-3A2:TGACAACAGATATGCAx-B3,0
MGH1518-3A2:TCTTTCCAGGATGTATx-B3,0
MGH1518-3A2:TCTGGAATCTGAAAGAx-B3,0
MGH1518-3A2:TCTGGAAGTTAAGAACx-B3,2
MGH1518-3A2:TCTTTCCAGAAGGTTTx-B3,2
MGH1518-3A2:TCTGAGATCACCTTATx-B3,0
MGH1518-3A2:TCTGGAAAGAAGATTCx-B3,3
MGH1518-3A2:TGAAAGACATCAGTCAx-B3,3
MGH1518-3A2:TCTCTAATCTGTACGAx-B3,0
MGH1518-3A2:TGAAAGATCAATAAGGx-B3,0
MGH1518-3A2:TGAAAGACATAGTAAGx-B3,2
MGH1518-3A2:TCTGAGAGTTAGAACAx-B3,2
MGH1518-3A2:TCTGGAAGTACTTCTTx-B3,0
MGH1518-3A2:TCTGAGACATACTACGx-B3,2
MGH1518-3A2:TCTCTAATCTGGTGTAx-B3,0
MGH1518-3A2:TCTGAGAGTATATGGAx-B3,2
MGH1518-3A2:TGATTTCAGAGAACAGx-B3,2
MGH1518-3A2:TGATTTCCAAAGGAAGx-B3,3
MGH1518-3A2:TGACTAGGTATATGAGx-B3,0
MGH1518-3A2:TGACTTTGTATAAACGx-B3,3
MGH1518-3A2:TGACTTTGTAGGGACTx-B3,0
MGH1518-3A2:TGATTTCTCCCTCTTTx-B3,3
MGH1518-3A2:TGATTTCGTACAGTTCx-B3,2
MGH1518-3A2:TGACTAGGTAAAGTCAx-B3,0
MGH1518-3A2:TGATTTCCACCGATATx-B3,0
MGH1518-3A2:TGAGGGACAAGTAATGx-B3,3
MGH1518-3A2:TGACTTTCAATGGATAx-B3,2
MGH1518-3A2:TGACTTTCACCTCGTTx-B3,2
MGH1518-3A2:TGAGGGAGTCATATGCx-B3,2
MGH1518-3A2:TGACTAGTCTAACTTCx-B3,3
MGH1518-3A2:TGCTACCAGAAGATTCx-B3,3
MGH1518-3A2:TGTGTTTTCTTTAGGGx-B3,2
MGH1518-3A2:TGTGTTTCAATGTAAGx-B3,2
MGH1518-3A2:TGTGTTTAGAATTGTGx-B3,3
MGH1518-3A2:TGTGTTTCAATGGAATx-B3,0
MGH1518-3A2:TGGTTCCAGCTCAACTx-B3,2
MGH1518-3A2:TGTATTCCATGAACCTx-B3,3
MGH1518-3A2:TGGTTCCTCTCTTATGx-B3,0
MGH1518-3A2:TGTATTCGTATAAACGx-B3,3
MGH1518-3A2:TGTGTTTCAAGTAATGx-B3,0
MGH1518-3A2:TTATGCTGTAAATGTGx-B3,2
MGH1518-3A2:TTAGGACAGAGACTTAx-B3,2
MGH1518-3A2:TTAGTTCTCTGTCTATx-B3,2
MGH1518-3A2:TTCTACAGTTCACCTCx-B3,3
MGH1518-3A2:TTCTACACATTAACCGx-B3,2
MGH1518-3A2:TTAGTTCTCCAGTAGTx-B3,2
MGH1518-3A2:TTCTACAAGAAACCTAx-B3,0
MGH1518-3A2:TTCGGTCTCCCTCAGTx-B3,3
MGH1518-3A2:TTATGCTTCAGCTTAGx-B3,2
MGH1518-3A2:TTAGGACAGATGTTAGx-B3,2
MGH1518-3A2:TTATGCTAGTCTCAACx-B3,3
MGH1518-3A2:TTCTACATCATCTGCCx-B3,0
MGH1518-3A2:TTCTACATCCTCAATTx-B3,0
MGH1518-3A2:TTCTACATCAGTTCGAx-B3,0
MGH1518-3A2:TTCTACAGTTACGACTx-B3,3
MGH1518-3A2:TTCTACATCCATGAGTx-B3,3
MGH1518-3A2:TTAGGACTCCTATTCAx-B3,0
MGH1518-3A2:TTCTTAGAGATGTAACx-B3,0
MGH1518-3A2:TTCTCAACACATTAGCx-B3,2
MGH1518-3A2:TTCTTAGGTAGCCTATx-B3,2
MGH1518-3A2:TTCTCAATCTTGTCATx-B3,3
MGH1518-3A2:TTGACTTAGTAATCCCx-B3,0
MGH1518-3A2:TTCTCAAGTACTTAGCx-B3,3
MGH1518-3A2:TTCTCAAGTTACGACTx-B3,3
MGH1518-3A2:TTGACTTTCACTATTCx-B3,2
MGH1518-3A2:TTGACTTCACTATCTTx-B3,0
MGH1518-3A2:TTGAACGAGTTAGGTAx-B3,0
MGH1518-3A2:TTGACTTCAAGTAATGx-B3,2
MGH1518-3A2:TTCTCCTAGGTGTTAAx-B3,3
MGH1518-3A2:TTCTCCTTCTGTGCAAx-B3,2
MGH1518-3A2:TTCTTAGGTACCGTATx-B3,2
MGH1518-3A2:TTTGGTTCACAGATTCx-B3,0
MGH1518-3A2:TTTGGTTAGAGGTTATx-B3,2
MGH1518-3A2:TTTGTCATCTACTCATx-B3,3
MGH1518-3A2:TTTCCTCCAATAGAGTx-B3,3
MGH1518-3A2:TTTCCTCCAAATTGCCx-B3,0
MGH1518-3A2:TTTGTCATCCTCAATTx-B3,0
MGH1518-3A2:TTTGGTTTCAATACCGx-B3,0
MGH1518-3A2:TTTACTGGTAAGGATTx-B3,0
MGH1518-3A2:TTTCCTCCATAGAAACx-B3,3
MGH1518-3A2:TTTGGTTTCCAATGGTx-B3,2
MGH1518-3A2:TTTGTCACAATGGTCTx-B3,3
MGH1518-3A2:TTTATGCAGAAGGGTAx-B3,2
MGH1518-3A2:TTTATGCTCTCTAAGGx-B3,3
MGH1518-3A2:TTTATGCAGTAACCCTx-B3,2
MGH1518-B3:AACCATGAGTATCGAAx-3A2,4
MGH1518-B3:AAAGATGTCATTATCCx-3A2,1
MGH1518-B3:AAAGTAGTCTCAAGTGx-3A2,1
MGH1518-B3:AAAGATGCAACAACCTx-3A2,1
MGH1518-B3:AAAGATGTCTACTATCx-3A2,1
MGH1518-B3:AAAGATGCAGCTATTGx-3A2,1
MGH1518-B3:AAACCTGTCAAAGACAx-3A2,1
MGH1518-B3:AAAGTAGAGATGTGTAx-3A2,4
MGH1518-B3:AACTCAGCATATACCGx-3A2,4
MGH1518-B3:AAGACCTCAGATAATGx-3A2,1
MGH1518-B3:AACTCTTCATTAACCGx-3A2,4
MGH1518-B3:AACTCTTAGATGAGAGx-3A2,1
MGH1518-B3:AACGTTGTCTAACTTCx-3A2,1
MGH1518-B3:AACTCTTTCATGTCTTx-3A2,1
MGH1518-B3:ACACTGATCAAGAAGTx-3A2,1
MGH1518-B3:ACACTGAGTATAATGGx-3A2,1
MGH1518-B3:ACATCAGCAGGACGTAx-3A2,1
MGH1518-B3:ACCTTTAAGACATAACx-3A2,1
MGH1518-B3:ACCTTTATCGCTTAGAx-3A2,1
MGH1518-B3:ACATACGTCCTCAATTx-3A2,1
MGH1518-B3:ACCTTTAAGTGAAGAGx-3A2,1
MGH1518-B3:ACCAGTATCTTTACGTx-3A2,1
MGH1518-B3:ACCGTAATCTCGTATTx-3A2,1
MGH1518-B3:ACCGTAAAGAATGTGTx-3A2,1
MGH1518-B3:ACGATGTAGACAAAGGx-3A2,1
MGH1518-B3:ACGATACAGTTGAGTAx-3A2,1
MGH1518-B3:ACGATACTCTTTAGGGx-3A2,4
MGH1518-B3:ACGGAGAAGTTAGGTAx-3A2,1
MGH1518-B3:ACTTGTTAGTGTCTCAx-3A2,4
MGH1518-B3:ACTGAGTAGATGTAACx-3A2,1
MGH1518-B3:ACTGATGTCCAAAGTCx-3A2,1
MGH1518-B3:ACTTGTTAGGGAGTAAx-3A2,4
MGH1518-B3:ACTTACTCACAGATTCx-3A2,1
MGH1518-B3:ACTGAGTGTTACAGAAx-3A2,4
MGH1518-B3:ACTTTCAAGATGTTAGx-3A2,1
MGH1518-B3:ACTTGTTCATCTACGAx-3A2,1
MGH1518-B3:ACTTACTCATTACCTTx-3A2,1
MGH1518-B3:ACTGAACTCAATCACGx-3A2,4
MGH1518-B3:ACTATCTGTCTAAACCx-3A2,1
MGH1518-B3:AGAATAGTCTTGTTTGx-3A2,1
MGH1518-B3:AGAATAGCATGCCTAAx-3A2,1
MGH1518-B3:AGAATAGGTCAACATCx-3A2,1
MGH1518-B3:AGAGCTTGTATAATGGx-3A2,1
MGH1518-B3:AGAATAGGTTCTGGTAx-3A2,4
MGH1518-B3:AGAGCTTAGTATCTCGx-3A2,1
MGH1518-B3:AGAGTGGGTAATAGCAx-3A2,4
MGH1518-B3:AGCTCTCTCGGAAATAx-3A2,1
MGH1518-B3:AGCCTAACAATAACGAx-3A2,1
MGH1518-B3:AGCGTATCAAGAAGAGx-3A2,1
MGH1518-B3:AGGTCATAGCTACCTAx-3A2,1
MGH1518-B3:AGGTCATGTTAAGTAGx-3A2,1
MGH1518-B3:AGGTCATAGATCTGAAx-3A2,1
MGH1518-B3:AGGTCATAGTCAATAGx-3A2,1
MGH1518-B3:AGTTGGTTCTACTATCx-3A2,1
MGH1518-B3:AGTCTTTAGTACGATAx-3A2,1
MGH1518-B3:AGTCTTTTCTTAACCTx-3A2,4
MGH1518-B3:AGGGTGAAGGAATTACx-3A2,4
MGH1518-B3:AGGGTGACAAAGAATCx-3A2,4
MGH1518-B3:ATCTACTAGGGTATCGx-3A2,1
MGH1518-B3:ATCATCTTCTTCAACTx-3A2,1
MGH1518-B3:ATAGACCAGTGAAGTTx-3A2,1
MGH1518-B3:ATCCGAAGTGACTACTx-3A2,4
MGH1518-B3:ATCCGAAAGATGAGAGx-3A2,1
MGH1518-B3:ATAGACCAGCTAGTTCx-3A2,1
MGH1518-B3:ATCACGACATAGACTCx-3A2,1
MGH1518-B3:ATCGAGTTCTCTGAGAx-3A2,4
MGH1518-B3:ATCGAGTAGAATGTGTx-3A2,1
MGH1518-B3:ATCACGATCTTTAGGGx-3A2,1
MGH1518-B3:ATCATCTTCCTCATTAx-3A2,1
MGH1518-B3:ATAAGAGTCTCAACTTx-3A2,4
MGH1518-B3:ATTCTACGTTACGACTx-3A2,1
MGH1518-B3:ATCTACTCAGATAATGx-3A2,4
MGH1518-B3:ATGTGTGGTTAAGTAGx-3A2,1
MGH1518-B3:ATTCTACGTAATCGTCx-3A2,1
MGH1518-B3:ATTCTACTCTTGTATCx-3A2,4
MGH1518-B3:ATTCTACAGCTGAAATx-3A2,1
MGH1518-B3:ATCTACTTCAGAGGTGx-3A2,1
MGH1518-B3:ATCTACTTCAAGCCTAx-3A2,1
MGH1518-B3:ATTACTCTCAACGAAAx-3A2,1
MGH1518-B3:ATTGGTGTCTAACTGGx-3A2,1
MGH1518-B3:CAACCAATCTGTTTGTx-3A2,1
MGH1518-B3:CAAGAAACATAGGATAx-3A2,1
MGH1518-B3:CAAGAAACATTATCTCx-3A2,4
MGH1518-B3:CAACTAGAGTTCCACAx-3A2,4
MGH1518-B3:CACCACTTCATAAAGGx-3A2,4
MGH1518-B3:CACATTTAGAATAGGGx-3A2,1
MGH1518-B3:CACACTCGTATTCTCTx-3A2,4
MGH1518-B3:CACAGTAGTGATGATAx-3A2,1
MGH1518-B3:CACATTTTCAGCTTAGx-3A2,1
MGH1518-B3:CACATTTTCACTTATCx-3A2,4
MGH1518-B3:CACAGTAGTATATCCGx-3A2,4
MGH1518-B3:CAGATCACACTATCTTx-3A2,1
MGH1518-B3:CAGCATATCTATGTGGx-3A2,1
MGH1518-B3:CAGATCATCTGATACGx-3A2,1
MGH1518-B3:CAGATCACAATAACGAx-3A2,4
MGH1518-B3:CAGCATAGTTAAGTAGx-3A2,1
MGH1518-B3:CATATGGGTGTAATGAx-3A2,1
MGH1518-B3:CATCAGACAATTCCTTx-3A2,1
MGH1518-B3:CATATTCGTAGTACCTx-3A2,4
MGH1518-B3:CAGCTAATCGTAGATCx-3A2,1
MGH1518-B3:CAGCTAACAATGGAATx-3A2,1
MGH1518-B3:CATCAAGTCTCTTATGx-3A2,4
MGH1518-B3:CATTATCCATACCATGx-3A2,4
MGH1518-B3:CATTATCTCACCTTATx-3A2,1
MGH1518-B3:CATTATCAGTACTTGCx-3A2,4
MGH1518-B3:CATTATCTCAATAAGGx-3A2,4
MGH1518-B3:CCTCAGTAGACAGAGAx-3A2,1
MGH1518-B3:CCTCAGTAGGTGTGGTx-3A2,1
MGH1518-B3:CCTCAGTGTTAAAGACx-3A2,4
MGH1518-B3:CCTATTATCCTGCTTGx-3A2,4
MGH1518-B3:CCTACACTCTAGAGTCx-3A2,1
MGH1518-B3:CGAACATCAATCTACGx-3A2,1
MGH1518-B3:CCTTTCTTCAAAGTAGx-3A2,1
MGH1518-B3:CCTTTCTAGAGTACCGx-3A2,1
MGH1518-B3:CGAATGTGTATGAAACx-3A2,1
MGH1518-B3:CGATGTAGTAGCTAAAx-3A2,1
MGH1518-B3:CGAGAAGGTAGATTAGx-3A2,4
MGH1518-B3:CGATGTAAGATGTAACx-3A2,4
MGH1518-B3:CGATTGAAGTACATGAx-3A2,4
MGH1518-B3:CGTTAGACATTTCACTx-3A2,4
MGH1518-B3:CGTTAGATCTCATTCAx-3A2,1
MGH1518-B3:CGTCTACAGAACAATCx-3A2,4
MGH1518-B3:CTAACTTTCTGAGTGTx-3A2,1
MGH1518-B3:CTACATTTCGAGGTAGx-3A2,1
MGH1518-B3:CTAACTTAGATATGCAx-3A2,4
MGH1518-B3:CTAGAGTAGGACATTAx-3A2,1
MGH1518-B3:CTAACTTTCTCTAGGAx-3A2,1
MGH1518-B3:CTCCTAGAGTCGATAAx-3A2,4
MGH1518-B3:CTCATTAGTCATATCGx-3A2,1
MGH1518-B3:CTCAGAACAAACAACAx-3A2,1
MGH1518-B3:CTCATTATCCTCCTAGx-3A2,1
MGH1518-B3:CTCTAATTCTTGAGACx-3A2,4
MGH1518-B3:CTGATAGGTCTAGTGTx-3A2,1
MGH1518-B3:CTCTAATAGAGGGCTTx-3A2,4
MGH1518-B3:CTCTAATTCTTATCTGx-3A2,4
MGH1518-B3:CTCTAATGTTCAACCAx-3A2,1
MGH1518-B3:CTCTAATCAATGACCTx-3A2,1
MGH1518-B3:CTTAACTGTTTGACACx-3A2,1
MGH1518-B3:CTTAACTAGATATGGTx-3A2,1
MGH1518-B3:CTTCTCTGTAAGGGAAx-3A2,1
MGH1518-B3:CTTAGGAAGAAGGTTTx-3A2,1
MGH1518-B3:CTTAACTCAAGTAATGx-3A2,4
MGH1518-B3:CTTAGGAGTAGTGAATx-3A2,1
MGH1518-B3:CTTAACTGTATGCTTGx-3A2,4
MGH1518-B3:CTTCTCTAGATATGCAx-3A2,4
MGH1518-B3:CTGTTTATCATGTCTTx-3A2,4
MGH1518-B3:CTTAACTGTACAGACGx-3A2,1
MGH1518-B3:GAATAAGGTATGAATGx-3A2,1
MGH1518-B3:GAATAAGCATAAAGGTx-3A2,1
MGH1518-B3:GAACCTAGTTAGATGAx-3A2,1
MGH1518-B3:GAACCTAAGAATTGTGx-3A2,1
MGH1518-B3:GAATGAATCCCAAGATx-3A2,1
MGH1518-B3:GAAATGATCCAGATCAx-3A2,1
MGH1518-B3:GAATAAGGTAATTGGAx-3A2,4
MGH1518-B3:GAATAAGTCTTAACCTx-3A2,2
MGH1518-B3:GAACCTACAAGGTTCTx-3A2,1
MGH1518-B3:GAAATGATCATCATTCx-3A2,4
MGH1518-B3:GAATAAGCATTAACCGx-3A2,1
MGH1518-B3:GACTACAGTGACAAATx-3A2,4
MGH1518-B3:GACCAATTCTCTAAGGx-3A2,1
MGH1518-B3:GACTACAGTAGCAAATx-3A2,1
MGH1518-B3:GACCAATAGATGTGTAx-3A2,1
MGH1518-B3:GACCAATCAGACAAATx-3A2,4
MGH1518-B3:GATCAGTTCATTATCCx-3A2,1
MGH1518-B3:GATGAAATCCTGTACCx-3A2,1
MGH1518-B3:GATCAGTTCTTATCTGx-3A2,1
MGH1518-B3:GATCTAGCAAAGAATCx-3A2,1
MGH1518-B3:GATTCAGTCTAACTCTx-3A2,4
MGH1518-B3:GCAGTTACAGTATAAGx-3A2,1
MGH1518-B3:GCATACAAGGATATACx-3A2,4
MGH1518-B3:GCATACAGTAAGGATTx-3A2,1
MGH1518-B3:GCAATCATCTGAAAGAx-3A2,1
MGH1518-B3:GCATGTATCACTATTCx-3A2,4
MGH1518-B3:GCTTGAAAGTGAATTGx-3A2,4
MGH1518-B3:GCTCTGTAGTAGATGTx-3A2,1
MGH1518-B3:GCTGCTTCACCAGGTCx-3A2,1
MGH1518-B3:GCTCTGTAGTACATGAx-3A2,1
MGH1518-B3:GGAATAACATGTTGACx-3A2,1
MGH1518-B3:GGAACTTCAGATAATGx-3A2,4
MGH1518-B3:GGAATAATCCTTGACCx-3A2,4
MGH1518-B3:GGAATAAGTAGAAAGGx-3A2,1
MGH1518-B3:GGATGTTAGAATGTTGx-3A2,1
MGH1518-B3:GGAACTTTCAGAAATGx-3A2,1
MGH1518-B3:GGAACTTCAAGTTAAGx-3A2,1
MGH1518-B3:GGAATAACAAGGGTCAx-3A2,1
MGH1518-B3:GGCAATTTCCTCAATTx-3A2,1
MGH1518-B3:GGCAATTCAAATACAGx-3A2,1
MGH1518-B3:GGATTACAGTGTACGGx-3A2,1
MGH1518-B3:GGTATTGAGAACTGTAx-3A2,1
MGH1518-B3:GTAACTGAGAGTACATx-3A2,1
MGH1518-B3:GGTGTTACAAGTTAAGx-3A2,4
MGH1518-B3:GTACGTATCTCAACTTx-3A2,4
MGH1518-B3:GTACTTTAGCGAGAAAx-3A2,1
MGH1518-B3:GGTGTTACACTATCTTx-3A2,4
MGH1518-B3:GTCATTTAGAAGGGTAx-3A2,4
MGH1518-B3:GTATTCTCATAACCTGx-3A2,4
MGH1518-B3:GTATTCTTCTCAACTTx-3A2,2
MGH1518-B3:GTCATTTAGAATTCCCx-3A2,1
MGH1518-B3:GTATTCTCATGTAGTCx-3A2,1
MGH1518-B3:GTATCTTTCATCTGTTx-3A2,4
MGH1518-B3:GTATTCTAGAGAACAGx-3A2,4
MGH1518-B3:GTATTCTCAATCTACGx-3A2,1
MGH1518-B3:GTATTCTTCAGAGCTTx-3A2,1
MGH1518-B3:GTCATTTAGTGTACCTx-3A2,1
MGH1518-B3:GTATCTTGTTGATTGCx-3A2,1
MGH1518-B3:GTGCATAAGAATAGGGx-3A2,4
MGH1518-B3:TAAGAGATCCTGTAGAx-3A2,1
MGH1518-B3:TAAGAGAAGATGTGTAx-3A2,4
MGH1518-B3:TAAGAGAGTATAATGGx-3A2,4
MGH1518-B3:TACACGAAGTATGACAx-3A2,4
MGH1518-B3:GTTCATTAGACAGAGAx-3A2,1
MGH1518-B3:TAAGCGTGTCATGCATx-3A2,1
MGH1518-B3:TACCTATTCAAGCCTAx-3A2,1
MGH1518-B3:TACGGTAAGAAGATTCx-3A2,4
MGH1518-B3:TACCTTAGTGACAAATx-3A2,1
MGH1518-B3:TACGGTAGTATCAGTCx-3A2,1
MGH1518-B3:TACTCATTCTTAACCTx-3A2,1
MGH1518-B3:TACCTATGTACTTGACx-3A2,1
MGH1518-B3:TACCTATTCTGATACGx-3A2,1
MGH1518-B3:TACCTATCATCACGATx-3A2,1
MGH1518-B3:TACAGTGAGAGGTTATx-3A2,4
MGH1518-B3:TACGGATCACAAGTAAx-3A2,4
MGH1518-B3:TACCTATGTAGTACCTx-3A2,1
MGH1518-B3:TACTTACTCCAAAGTCx-3A2,1
MGH1518-B3:TAGAGCTAGGAATTACx-3A2,4
MGH1518-B3:TATCTCACACAACTGTx-3A2,4
MGH1518-B3:TACTTGTAGGCAATTAx-3A2,1
MGH1518-B3:TAGTTGGAGAAACCTAx-3A2,1
MGH1518-B3:TATCTCACAAGTAATGx-3A2,1
MGH1518-B3:TACTTGTGTATAAACGx-3A2,1
MGH1518-B3:TCAGGATAGTCCTCCTx-3A2,1
MGH1518-B3:TATTACCTCCTAAGTGx-3A2,1
MGH1518-B3:TCAATCTAGTTACGGGx-3A2,4
MGH1518-B3:TCACGAATCTATCCTAx-3A2,1
MGH1518-B3:TATCTCATCCATGAGTx-3A2,1
MGH1518-B3:TATTACCGTCAACTGTx-3A2,1
MGH1518-B3:TATTACCGTAATCACCx-3A2,4
MGH1518-B3:TCAGGATAGTACGTAAx-3A2,4
MGH1518-B3:TATTACCAGTGTCTCAx-3A2,1
MGH1518-B3:TCAATCTTCGATAGAAx-3A2,4
MGH1518-B3:TCATTTGTCTTAGCCCx-3A2,1
MGH1518-B3:TCATTACCAAGTACCTx-3A2,1
MGH1518-B3:TCATTACAGTTAACGAx-3A2,1
MGH1518-B3:TCATTTGCACATTAGCx-3A2,1
MGH1518-B3:TCAGGTAGTAAATGACx-3A2,1
MGH1518-B3:TCTGAGATCAGTTGACx-3A2,1
MGH1518-B3:TCGGTAAGTTACGTCAx-3A2,1
MGH1518-B3:TCTGAGAAGAAACCATx-3A2,4
MGH1518-B3:TCTCTAACATAGTAAGx-3A2,1
MGH1518-B3:TGACTTTTCAAGAAGTx-3A2,4
MGH1518-B3:TGAGAGGGTAAGGATTx-3A2,1
MGH1518-B3:TGACAACGTAAGAGAGx-3A2,4
MGH1518-B3:TGAAAGATCCTCATTAx-3A2,1
MGH1518-B3:TGAAAGAGTAGTGAATx-3A2,4
MGH1518-B3:TGACAACTCTTATCTGx-3A2,1
MGH1518-B3:TGAGAGGAGGAATTACx-3A2,1
MGH1518-B3:TGAAAGATCTATCCTAx-3A2,4
MGH1518-B3:TGACTAGTCTTTACGTx-3A2,1
MGH1518-B3:TGACTAGGTGAAATCAx-3A2,1
MGH1518-B3:TGATTTCGTAAGGGAAx-3A2,1
MGH1518-B3:TGCCAAACATCTATGGx-3A2,1
MGH1518-B3:TGATTTCTCACTTACTx-3A2,1
MGH1518-B3:TGGTTAGAGTTAGGTAx-3A2,1
MGH1518-B3:TGTATTCCACCAGATTx-3A2,4
MGH1518-B3:TGGCCAGTCATCTGTTx-3A2,1
MGH1518-B3:TGGTTAGTCTAACTCTx-3A2,1
MGH1518-B3:TGTATTCTCAGAGCTTx-3A2,1
MGH1518-B3:TGTGTTTCAAGAAAGGx-3A2,4
MGH1518-B3:TGTGGTATCATAACCGx-3A2,1
MGH1518-B3:TTAACTCGTAGATTAGx-3A2,1
MGH1518-B3:TTAGTTCCAGACACTTx-3A2,1
MGH1518-B3:TTATGCTAGATGTAACx-3A2,1
MGH1518-B3:TTAGTTCTCAGCTTAGx-3A2,4
MGH1518-B3:TTCTTAGCAATGAATGx-3A2,1
MGH1518-B3:TTGACTTGTTGGTAAAx-3A2,1
MGH1518-B3:TTCTCAATCTTTACACx-3A2,4
MGH1518-B3:TTCTCAAAGACTTTCGx-3A2,1
MGH1518-B3:TTCTTAGCATGTCGATx-3A2,1
MGH1518-B3:TTCTCCTGTCATATGCx-3A2,4
MGH1518-B3:TTCTACAGTACATCCAx-3A2,4
MGH1518-B3:TTCTCAAGTTATTCTCx-3A2,1
MGH1518-B3:TTCTACAGTACCGTTAx-3A2,1
MGH1518-B3:TTGACTTGTAGAAGGAx-3A2,1
MGH1518-B3:TTCTCAAAGACAATACx-3A2,4
MGH1518-B3:TTCTTAGCATCAGTACx-3A2,1
MGH1518-B3:TTGACTTAGACTACAAx-3A2,1
MGH1518-B3:TTTCCTCCAGCCTTTCx-3A2,1
MGH1518-B3:TTTACTGCATATGAGAx-3A2,1
MGH1518-B3:TTGTAGGAGTGTTGAAx-3A2,4
MGH1518-B3:TTGGAACAGGAGTAGAx-3A2,1
MGH1518-B3:TTTGTCACATAAGACAx-3A2,1
MGH1518-B3:TTTGGTTCAATGAATGx-3A2,1
MGH1518-B3:TTTGGTTGTCAATACCx-3A2,4
